name,status,result,truth_masks
Name,sat,Z Z,"(True, True, True, True, True, True)"
Name,sat,Z a,"(True, True, True, True, True, False)"
Name,sat,a Z,"(True, True, True, True, False, True)"
Name,sat,a a,"(True, True, True, True, False, False)"
Name,unsat,,"(True, True, True, False, True, True)"
Name,unsat,,"(True, True, True, False, True, False)"
Name,sat, Z,"(True, True, True, False, False, True)"
Name,sat, a,"(True, True, True, False, False, False)"
Name,sat,Z ,"(True, True, False, True, True, True)"
Name,sat,Z  ,"(True, True, False, True, True, False)"
Name,sat,a ,"(True, True, False, True, False, True)"
Name,sat,a  ,"(True, True, False, True, False, False)"
Name,unsat,,"(True, True, False, False, True, True)"
Name,unsat,,"(True, True, False, False, True, False)"
Name,sat, ,"(True, True, False, False, False, True)"
Name,sat,  ,"(True, True, False, False, False, False)"
Name,sat,Z,"(True, False, True, True, True, True)"
Name,unsat,,"(True, False, True, True, True, False)"
Name,sat,,"(True, False, True, True, False, True)"
Name,unsat,,"(True, False, True, True, False, False)"
Name,unsat,,"(True, False, True, False, True, True)"
Name,unsat,,"(True, False, True, False, True, False)"
Name,unsat,,"(True, False, True, False, False, True)"
Name,unsat,,"(True, False, True, False, False, False)"
Name,unsat,,"(True, False, False, True, True, True)"
Name,unsat,,"(True, False, False, True, True, False)"
Name,unsat,,"(True, False, False, True, False, True)"
Name,unsat,,"(True, False, False, True, False, False)"
Name,unsat,,"(True, False, False, False, True, True)"
Name,unsat,,"(True, False, False, False, True, False)"
Name,unsat,,"(True, False, False, False, False, True)"
Name,unsat,,"(True, False, False, False, False, False)"
Name,sat,A A\u{0},"(False, True, True, True, True, True)"
Name,sat,A \u{0},"(False, True, True, True, True, False)"
Name,sat,\u{0} B,"(False, True, True, True, False, True)"
Name,sat,\u{0} \u{0},"(False, True, True, True, False, False)"
Name,unsat,,"(False, True, True, False, True, True)"
Name,unsat,,"(False, True, True, False, True, False)"
Name,sat, A\u{0},"(False, True, True, False, False, True)"
Name,sat, \u{1f},"(False, True, True, False, False, False)"
Name,sat,A\u{0} ,"(False, True, False, True, True, True)"
Name,sat,A\u{0}  ,"(False, True, False, True, True, False)"
Name,sat,\u{0} ,"(False, True, False, True, False, True)"
Name,sat,\u{0}  ,"(False, True, False, True, False, False)"
Name,unsat,,"(False, True, False, False, True, True)"
Name,unsat,,"(False, True, False, False, True, False)"
Name,sat, A\u{0} ,"(False, True, False, False, False, True)"
Name,sat, \u{1f} ,"(False, True, False, False, False, False)"
Name,sat,A\u{0},"(False, False, True, True, True, True)"
Name,unsat,,"(False, False, True, True, True, False)"
Name,sat,\u{0},"(False, False, True, True, False, True)"
Name,unsat,,"(False, False, True, True, False, False)"
Name,unsat,,"(False, False, True, False, True, True)"
Name,unsat,,"(False, False, True, False, True, False)"
Name,unsat,,"(False, False, True, False, False, True)"
Name,unsat,,"(False, False, True, False, False, False)"
Name,unsat,,"(False, False, False, True, True, True)"
Name,unsat,,"(False, False, False, True, True, False)"
Name,unsat,,"(False, False, False, True, False, True)"
Name,unsat,,"(False, False, False, True, False, False)"
Name,unsat,,"(False, False, False, False, True, True)"
Name,unsat,,"(False, False, False, False, True, False)"
Name,unsat,,"(False, False, False, False, False, True)"
Name,unsat,,"(False, False, False, False, False, False)"
Email,sat,B@.A,"(True, True, True, True, True, True)"
Email,sat,A@.manager,"(True, True, True, True, True, False)"
Email,sat,A@.,"(True, True, True, True, False, True)"
Email,sat,manager@.,"(True, True, True, True, False, False)"
Email,sat,A@,"(True, True, True, False, True, True)"
Email,sat,manager@,"(True, True, True, False, True, False)"
Email,unsat,,"(True, True, True, False, False, True)"
Email,unsat,,"(True, True, True, False, False, False)"
Email,sat,A@.@,"(True, True, False, True, True, True)"
Email,sat,A@@.manager,"(True, True, False, True, True, False)"
Email,sat,A@@.,"(True, True, False, True, False, True)"
Email,sat,manager@@AAAAA.,"(True, True, False, True, False, False)"
Email,sat,,"(True, True, False, False, True, True)"
Email,sat,manager,"(True, True, False, False, True, False)"
Email,sat,.,"(True, True, False, False, False, True)"
Email,sat,manager.,"(True, True, False, False, False, False)"
Email,sat,@.A,"(True, False, True, True, True, True)"
Email,sat,@.manager,"(True, False, True, True, True, False)"
Email,sat,@.,"(True, False, True, True, False, True)"
Email,sat,@manager.,"(True, False, True, True, False, False)"
Email,sat,@,"(True, False, True, False, True, True)"
Email,sat,@manager,"(True, False, True, False, True, False)"
Email,unsat,,"(True, False, True, False, False, True)"
Email,unsat,,"(True, False, True, False, False, False)"
Email,sat,@.@,"(True, False, False, True, True, True)"
Email,sat,@@.manager,"(True, False, False, True, True, False)"
Email,sat,@@.,"(True, False, False, True, False, True)"
Email,sat,@@manager.,"(True, False, False, True, False, False)"
Email,sat,@@,"(True, False, False, False, True, True)"
Email,sat,@@manager,"(True, False, False, False, True, False)"
Email,unsat,,"(True, False, False, False, False, True)"
Email,unsat,,"(True, False, False, False, False, False)"
Email,sat,A@. ,"(False, True, True, True, True, True)"
Email,sat,manager@. ,"(False, True, True, True, True, False)"
Email,sat, @.,"(False, True, True, True, False, True)"
Email,sat, manager@.,"(False, True, True, True, False, False)"
Email,sat,A@ ,"(False, True, True, False, True, True)"
Email,sat,manager@ ,"(False, True, True, False, True, False)"
Email,unsat,,"(False, True, True, False, False, True)"
Email,unsat,,"(False, True, True, False, False, False)"
Email,sat,A@@. ,"(False, True, False, True, True, True)"
Email,sat,manager@@. ,"(False, True, False, True, True, False)"
Email,sat, A@@.,"(False, True, False, True, False, True)"
Email,sat, AAAAAAAA@manager@@.,"(False, True, False, True, False, False)"
Email,sat, ,"(False, True, False, False, True, True)"
Email,sat,manager ,"(False, True, False, False, True, False)"
Email,sat, .,"(False, True, False, False, False, True)"
Email,sat, manager.,"(False, True, False, False, False, False)"
Email,sat,@. ,"(False, False, True, True, True, True)"
Email,sat,@.manager ,"(False, False, True, True, True, False)"
Email,sat,@ .,"(False, False, True, True, False, True)"
Email,sat,@manager .,"(False, False, True, True, False, False)"
Email,sat,@ ,"(False, False, True, False, True, True)"
Email,sat,@manager ,"(False, False, True, False, True, False)"
Email,unsat,,"(False, False, True, False, False, True)"
Email,unsat,,"(False, False, True, False, False, False)"
Email,sat,@@. ,"(False, False, False, True, True, True)"
Email,sat,@@.manager ,"(False, False, False, True, True, False)"
Email,sat,@@ .,"(False, False, False, True, False, True)"
Email,sat,@@manager .,"(False, False, False, True, False, False)"
Email,sat,@@ ,"(False, False, False, False, True, True)"
Email,sat,@@manager ,"(False, False, False, False, True, False)"
Email,unsat,,"(False, False, False, False, False, True)"
Email,unsat,,"(False, False, False, False, False, False)"
Password,sat,Z9a!,"(True, True, True, True, True)"
Password,sat,ZaB!,"(True, True, True, True, False)"
Password,sat,A9B!,"(True, True, True, False, True)"
Password,sat,AAA!,"(True, True, True, False, False)"
Password,sat,a9\u{0}!,"(True, True, False, True, True)"
Password,sat,a\u{0}\u{0}!,"(True, True, False, True, False)"
Password,sat,0\u{0}\u{0}!,"(True, True, False, False, True)"
Password,sat,\u{0}\u{0}\u{0}!,"(True, True, False, False, False)"
Password,sat,aB9Z,"(True, False, True, True, True)"
Password,sat,aAAZ,"(True, False, True, True, False)"
Password,sat,9AAA,"(True, False, True, False, True)"
Password,sat,AAAA,"(True, False, True, False, False)"
Password,sat,9\u{0}\u{0}a,"(True, False, False, True, True)"
Password,sat,\u{0}\u{0}\u{0}a,"(True, False, False, True, False)"
Password,sat,\u{0}\u{0}\u{0}0,"(True, False, False, False, True)"
Password,sat,\u{0}\u{0}\u{0}\u{0},"(True, False, False, False, False)"
Password,unsat,,"(False, True, True, True, True)"
Password,sat,Za!,"(False, True, True, True, False)"
Password,sat,A9!,"(False, True, True, False, True)"
Password,sat,A!,"(False, True, True, False, False)"
Password,sat,a9!,"(False, True, False, True, True)"
Password,sat,a!,"(False, True, False, True, False)"
Password,sat,0!,"(False, True, False, False, True)"
Password,sat,!,"(False, True, False, False, False)"
Password,sat,a9Z,"(False, False, True, True, True)"
Password,sat,aZ,"(False, False, True, True, False)"
Password,sat,9A,"(False, False, True, False, True)"
Password,sat,A,"(False, False, True, False, False)"
Password,sat,9a,"(False, False, False, True, True)"
Password,sat,a,"(False, False, False, True, False)"
Password,sat,0,"(False, False, False, False, True)"
Password,sat,,"(False, False, False, False, False)"
Url,sat,http://.,"(True, True, True)"
Url,sat,http://,"(True, True, False)"
Url,sat,http://. ,"(True, False, True)"
Url,sat,http:// ,"(True, False, False)"
Url,sat,.,"(False, True, True)"
Url,sat,,"(False, True, False)"
Url,sat,. ,"(False, False, True)"
Url,sat, ,"(False, False, False)"
Date,sat,0-1-1,"(True, True, True, True)"
Date,sat,0-1-,"(True, True, True, False)"
Date,sat,0--1,"(True, True, False, True)"
Date,sat,0--,"(True, True, False, False)"
Date,sat,-1-1,"(True, False, True, True)"
Date,sat,-1-,"(True, False, True, False)"
Date,sat,--1,"(True, False, False, True)"
Date,sat,--,"(True, False, False, False)"
Date,unsat,,"(False, True, True, True)"
Date,sat,0-1---,"(False, True, True, False)"
Date,unsat,,"(False, True, False, True)"
Date,sat,0---,"(False, True, False, False)"
Date,unsat,,"(False, False, True, True)"
Date,sat,-1--,"(False, False, True, False)"
Date,unsat,,"(False, False, False, True)"
Date,sat,,"(False, False, False, False)"
IBAN,sat,121000AAAAAAAAAAAAAAAA,"(True, True, True)"
IBAN,sat,1210AAAAAAAAAAAAAAAAAA,"(True, True, False)"
IBAN,sat,AAAA00AAAAAAAAAAAAAAAA,"(True, False, True)"
IBAN,sat,AAAAAAAAAAAAAAAAAAAAAA,"(True, False, False)"
IBAN,sat,121000,"(False, True, True)"
IBAN,sat,1210,"(False, True, False)"
IBAN,sat,AAAA00,"(False, False, True)"
IBAN,sat,GB12BARC2003951234567,"(False, False, False)"
ISBN,sat,0-306-40615-X,"(True, True, True, True, True, True)"
ISBN,sat,0-306-40-615-X,"(True, True, True, True, True, False)"
ISBN,sat,12--3456789X,"(True, True, True, True, False, True)"
ISBN,sat,0-12--3456-78X,"(True, True, True, True, False, False)"
ISBN,sat,-123-406789X,"(True, True, True, False, True, True)"
ISBN,sat,-1-2-3-4-56789X,"(True, True, True, False, True, False)"
ISBN,sat,--123456789X,"(True, True, True, False, False, True)"
ISBN,sat,----123456789X,"(True, True, True, False, False, False)"
ISBN,sat,978-3-16148410-X,"(True, True, False, True, True, True)"
ISBN,sat,1-2-3-4-5-X,"(True, True, False, True, True, False)"
ISBN,sat,1--234-X,"(True, True, False, True, False, True)"
ISBN,sat,1--234--567--890--X,"(True, True, False, True, False, False)"
ISBN,sat,-586,"(True, True, False, False, True, True)"
ISBN,sat,-123-456-789-0X,"(True, True, False, False, True, False)"
ISBN,sat,---1234567X,"(True, True, False, False, False, True)"
ISBN,sat,----123X,"(True, True, False, False, False, False)"
ISBN,sat,123-456-789X-,"(True, False, True, True, True, True)"
ISBN,sat,1-2-3-4-5-6-7-8-9-0-,"(True, False, True, True, True, False)"
ISBN,sat,123--456789X-,"(True, False, True, True, False, True)"
ISBN,sat,0-123--4567--89-,"(True, False, True, True, False, False)"
ISBN,sat,-012345-6789-,"(True, False, True, False, True, True)"
ISBN,sat,-1-2-3-4-5-6-7-8-9-0-,"(True, False, True, False, True, False)"
ISBN,sat,--123456789X-,"(True, False, True, False, False, True)"
ISBN,sat,---123456789X-,"(True, False, True, False, False, False)"
ISBN,sat,123-456-78901-,"(True, False, False, True, True, True)"
ISBN,sat,1-23-456-789-X-0-,"(True, False, False, True, True, False)"
ISBN,sat,12345--6789-,"(True, False, False, True, False, True)"
ISBN,sat,123X--4567--890-,"(True, False, False, True, False, False)"
ISBN,sat,-12345678-X-,"(True, False, False, False, True, True)"
ISBN,sat,-1-2-3-4-,"(True, False, False, False, True, False)"
ISBN,sat,--12345-,"(True, False, False, False, False, True)"
ISBN,sat,----123X-,"(True, False, False, False, False, False)"
ISBN,sat,1-23-45-678Y9,"(False, True, True, True, True, True)"
ISBN,sat,0-3-0-6-4061@-2,"(False, True, True, True, True, False)"
ISBN,sat,0--306@@406X,"(False, True, True, True, False, True)"
ISBN,sat,12--34@56--78X,"(False, True, True, True, False, False)"
ISBN,sat,#NAME?,"(False, True, True, False, True, True)"
ISBN,sat,-a-b-c-d-01234X,"(False, True, True, False, True, False)"
ISBN,sat,#NAME?,"(False, True, True, False, False, True)"
ISBN,sat,#NAME?,"(False, True, True, False, False, False)"
ISBN,sat,Y123-456-8-5,"(False, True, False, True, True, True)"
ISBN,sat,978-0-306-40615-A-7,"(False, True, False, True, True, False)"
ISBN,sat,12A--3456X,"(False, True, False, True, False, True)"
ISBN,sat,978-3-16-148410-0@--1,"(False, True, False, True, False, False)"
ISBN,sat,#NAME?,"(False, True, False, False, True, True)"
ISBN,sat,#NAME?,"(False, True, False, False, True, False)"
ISBN,sat,#NAME?,"(False, True, False, False, False, True)"
ISBN,sat,----@123X,"(False, True, False, False, False, False)"
ISBN,sat,123-456-78@#,"(False, False, True, True, True, True)"
ISBN,sat,A-AAAA-AAA-A-A,"(False, False, True, True, True, False)"
ISBN,sat,12--34@5607Y,"(False, False, True, True, False, True)"
ISBN,sat,12--34--56@78A,"(False, False, True, True, False, False)"
ISBN,sat,-123-456-708A,"(False, False, True, False, True, True)"
ISBN,sat,-123-456-78-9A,"(False, False, True, False, True, False)"
ISBN,sat,--@12345607A,"(False, False, True, False, False, True)"
ISBN,sat,#NAME?,"(False, False, True, False, False, False)"
ISBN,sat,1-A-2B,"(False, False, False, True, True, True)"
ISBN,sat,978-0-306-40615-@,"(False, False, False, True, True, False)"
ISBN,sat,1--A-234B,"(False, False, False, True, False, True)"
ISBN,sat,978-0-306--40615-Y@,"(False, False, False, True, False, False)"
ISBN,sat,-123@456-789#,"(False, False, False, False, True, True)"
ISBN,sat,-123-456-789-012@,"(False, False, False, False, True, False)"
ISBN,sat,---@12345A,"(False, False, False, False, False, True)"
ISBN,sat,#NAME?,"(False, False, False, False, False, False)"
Expression,sat,5+3*2-4/2,"(True, True, True, True)"
Expression,unsat,,"(True, True, True, False)"
Expression,sat,1+,"(True, True, False, True)"
Expression,sat,*1+2-3,"(True, True, False, False)"
Expression,sat,1--2*3,"(True, False, True, True)"
Expression,unsat,,"(True, False, True, False)"
Expression,sat,-5+*3,"(True, False, False, True)"
Expression,sat,-23,"(True, False, False, False)"
Expression,sat,(5+3*2-1),"(False, True, True, True)"
Expression,unsat,,"(False, True, True, False)"
Expression,sat,x + 5 * (3 - 2),"(False, True, False, True)"
Expression,sat,#NAME?,"(False, True, False, False)"
Expression,sat,1--2a,"(False, False, True, True)"
Expression,unsat,,"(False, False, True, False)"
Expression,sat,5(*/+3,"(False, False, False, True)"
Expression,sat,#NAME?,"(False, False, False, False)"
Palindrome,sat,madam,"(True, True)"
Palindrome,sat,abc,"(True, False)"
Palindrome,sat,a,"(False, True)"
Palindrome,sat,ab,"(False, False)"
Parentheses,sat,((()()))(),"(True, True, True, True)"
Parentheses,sat,()())()()(,"(True, True, True, False)"
Parentheses,sat,(((((()))),"(True, True, False, True)"
Parentheses,sat,)))(((()))),"(True, True, False, False)"
Parentheses,sat,(a)()()()(),"(True, False, True, True)"
Parentheses,sat,a())(()()(),"(True, False, True, False)"
Parentheses,sat,(a((()()()())))(,"(True, False, False, True)"
Parentheses,sat,a()))))))(,"(True, False, False, False)"
Parentheses,sat,(()),"(False, True, True, True)"
Parentheses,sat,())(,"(False, True, True, False)"
Parentheses,sat,((()),"(False, True, False, True)"
Parentheses,sat,)((,"(False, True, False, False)"
Parentheses,sat,a(),"(False, False, True, True)"
Parentheses,sat,)a(,"(False, False, True, False)"
Parentheses,sat,(a(,"(False, False, False, True)"
Parentheses,sat,)a((,"(False, False, False, False)"
DNA,sat,ATGCGTACGTAA,"(True, True, True, True, True)"
DNA,sat,ATGCGTACGTGC,"(True, True, True, True, False)"
DNA,sat,CGTACGTACTAA,"(True, True, True, False, True)"
DNA,sat,CTAGCCCCTCGT,"(True, True, True, False, False)"
DNA,sat,ATGCGTACCGTAA,"(True, True, False, True, True)"
DNA,sat,ATGCGTACGTACC,"(True, True, False, True, False)"
DNA,sat,TACCGGTACGTACTAA,"(True, True, False, False, True)"
DNA,sat,TACGCTAGCTCGT,"(True, True, False, False, False)"
DNA,sat,ATGCGATAA,"(True, False, True, True, True)"
DNA,sat,ATGCAG,"(True, False, True, True, False)"
DNA,sat,CGATAA,"(True, False, True, False, True)"
DNA,sat,CGTGCT,"(True, False, True, False, False)"
DNA,sat,ATGCTAA,"(True, False, False, True, True)"
DNA,sat,ATGCC,"(True, False, False, True, False)"
DNA,sat,CGTAA,"(True, False, False, False, True)"
DNA,sat,AACGT,"(True, False, False, False, False)"
DNA,sat,ATGNNNCGTTAA,"(False, True, True, True, True)"
DNA,sat,ATGCGGGTNCGACGA,"(False, True, True, True, False)"
DNA,sat,CTAXGGGCTAGCTAA,"(False, True, True, False, True)"
DNA,sat,CTAXGGCTAGCTGCT,"(False, True, True, False, False)"
DNA,sat,ATGCGATNTAA,"(False, True, False, True, True)"
DNA,sat,ATGCGTXGCT,"(False, True, False, True, False)"
DNA,sat,CTAXGCTACGTAA,"(False, True, False, False, True)"
DNA,sat,CGTACGTACGN,"(False, True, False, False, False)"
DNA,sat,ATGZXXTGA,"(False, False, True, True, True)"
DNA,sat,ATGXCG,"(False, False, True, True, False)"
DNA,sat,CXNTAA,"(False, False, True, False, True)"
DNA,sat,AANCTG,"(False, False, True, False, False)"
DNA,sat,ATGXTAA,"(False, False, False, True, True)"
DNA,sat,ATGCX,"(False, False, False, True, False)"
DNA,sat,ANCGTAA,"(False, False, False, False, True)"
DNA,sat,ATXCG,"(False, False, False, False, False)"
Absolute_Path,sat,/home/user/documents,"(True, True, True, True)"
Absolute_Path,sat,/usr//bin,"(True, True, True, False)"
Absolute_Path,sat,/home/user/documents/,"(True, True, False, True)"
Absolute_Path,sat,//home/user//,"(True, True, False, False)"
Absolute_Path,sat,/home/user/my documents,"(True, False, True, True)"
Absolute_Path,sat,/home/user/my documents//file.txt,"(True, False, True, False)"
Absolute_Path,sat,/my folder/,"(True, False, False, True)"
Absolute_Path,sat,/home/user /documents//,"(True, False, False, False)"
Absolute_Path,sat,home/user/documents,"(False, True, True, True)"
Absolute_Path,sat,home//user,"(False, True, True, False)"
Absolute_Path,sat,home/user/documents/,"(False, True, False, True)"
Absolute_Path,sat,home/user/documents//,"(False, True, False, False)"
Absolute_Path,sat,C:\Users\John Doe\Documents,"(False, False, True, True)"
Absolute_Path,sat,home/user name//documents,"(False, False, True, False)"
Absolute_Path,sat,home/Documents and Settings/,"(False, False, False, True)"
Absolute_Path,sat,home/user name//folder/,"(False, False, False, False)"