status,result,name,truth_masks
sat,John Doe,Name,"(True, True, True, True, True, True)"
sat,Hello hello,Name,"(True, True, True, True, True, False)"
sat,alan The Astronaut,Name,"(True, True, True, True, False, True)"
sat,john smith,Name,"(True, True, True, True, False, False)"
unsat,,Name,"(True, True, True, False, True, True)"
unsat,,Name,"(True, True, True, False, True, False)"
sat,unrealistic name,Name,"(True, True, True, False, False, True)"
sat, a b,Name,"(True, True, True, False, False, False)"
sat,John Smith ,Name,"(True, True, False, True, True, True)"
sat,John Smith,Name,"(True, True, False, True, True, False)"
sat,hello world ,Name,"(True, True, False, True, False, True)"
sat,a hello ,Name,"(True, True, False, True, False, False)"
unsat,,Name,"(True, True, False, False, True, True)"
unsat,,Name,"(True, True, False, False, True, False)"
sat,  A ,Name,"(True, True, False, False, False, True)"
sat, a why not ,Name,"(True, True, False, False, False, False)"
sat,John Smith,Name,"(True, False, True, True, True, True)"
unsat,,Name,"(True, False, True, True, True, False)"
sat,abedbc,Name,"(True, False, True, True, False, True)"
unsat,,Name,"(True, False, True, True, False, False)"
unsat,,Name,"(True, False, True, False, True, True)"
unsat,,Name,"(True, False, True, False, True, False)"
unsat,,Name,"(True, False, True, False, False, True)"
unsat,,Name,"(True, False, True, False, False, False)"
unsat,,Name,"(True, False, False, True, True, True)"
unsat,,Name,"(True, False, False, True, True, False)"
unsat,,Name,"(True, False, False, True, False, True)"
unsat,,Name,"(True, False, False, True, False, False)"
unsat,,Name,"(True, False, False, False, True, True)"
unsat,,Name,"(True, False, False, False, True, False)"
unsat,,Name,"(True, False, False, False, False, True)"
unsat,,Name,"(True, False, False, False, False, False)"
sat,John Smith Jr.,Name,"(False, True, True, True, True, True)"
sat,"Mr. John Doe Jr., Sr. Jr. - consultant",Name,"(False, True, True, True, True, False)"
sat,john smith Jr.,Name,"(False, True, True, True, False, True)"
sat,john smith 123,Name,"(False, True, True, True, False, False)"
unsat,,Name,"(False, True, True, False, True, True)"
unsat,,Name,"(False, True, True, False, True, False)"
sat, Von M Jr.,Name,"(False, True, True, False, False, True)"
sat, a! hello world,Name,"(False, True, True, False, False, False)"
sat,A. Lee Jr. ,Name,"(False, True, False, True, True, True)"
sat,A ! e a ,Name,"(False, True, False, True, True, False)"
sat,John Smith ,Name,"(False, True, False, True, False, True)"
sat,abc '! ' space ,Name,"(False, True, False, True, False, False)"
unsat,,Name,"(False, True, False, False, True, True)"
unsat,,Name,"(False, True, False, False, True, False)"
sat, ~Abr  ,Name,"(False, True, False, False, False, True)"
sat, UN 1! a ,Name,"(False, True, False, False, False, False)"
sat,A!B#,Name,"(False, False, True, True, True, True)"
unsat,,Name,"(False, False, True, True, True, False)"
sat,john123,Name,"(False, False, True, True, False, True)"
unsat,,Name,"(False, False, True, True, False, False)"
unsat,,Name,"(False, False, True, False, True, True)"
unsat,,Name,"(False, False, True, False, True, False)"
unsat,,Name,"(False, False, True, False, False, True)"
unsat,,Name,"(False, False, True, False, False, False)"
unsat,,Name,"(False, False, False, True, True, True)"
unsat,,Name,"(False, False, False, True, True, False)"
unsat,,Name,"(False, False, False, True, False, True)"
unsat,,Name,"(False, False, False, True, False, False)"
unsat,,Name,"(False, False, False, False, True, True)"
unsat,,Name,"(False, False, False, False, True, False)"
unsat,,Name,"(False, False, False, False, False, True)"
unsat,,Name,"(False, False, False, False, False, False)"
sat,test@example.com,Email,"(True, True, True, True, True, True)"
sat,john.manager@example.com,Email,"(True, True, True, True, True, False)"
sat,test@example.com.,Email,"(True, True, True, True, False, True)"
sat,john.manager@manager.com.,Email,"(True, True, True, True, False, False)"
sat,test@user,Email,"(True, True, True, False, True, True)"
sat,john.manager@company,Email,"(True, True, True, False, True, False)"
unsat,,Email,"(True, True, True, False, False, True)"
unsat,,Email,"(True, True, True, False, False, False)"
sat,test@example.co.uk,Email,"(True, True, False, True, True, True)"
sat,manager@walmart.com@manager,Email,"(True, True, False, True, True, False)"
sat,john.doe@example.com.,Email,"(True, True, False, True, False, True)"
sat,jmanager@sub.managerdomain.com.,Email,"(True, True, False, True, False, False)"
sat,customertest@customertest.com,Email,"(True, True, False, False, True, True)"
sat,prefix1manager@pref2@pref3,Email,"(True, True, False, False, True, False)"
sat,test@example.com.,Email,"(True, True, False, False, False, True)"
sat,john.doe.manager@domain..,Email,"(True, True, False, False, False, False)"
sat,test@example.com,Email,"(True, False, True, True, True, True)"
sat,manager@example.io-user,Email,"(True, False, True, True, True, False)"
sat,john.doe@example.com,Email,"(True, False, True, True, False, True)"
sat,@manager.store.,Email,"(True, False, True, True, False, False)"
sat,test@example.com,Email,"(True, False, True, False, True, True)"
sat,@manager,Email,"(True, False, True, False, True, False)"
unsat,,Email,"(True, False, True, False, False, True)"
unsat,,Email,"(True, False, True, False, False, False)"
sat,test@domain@subdomain.com,Email,"(True, False, False, True, True, True)"
sat,manager@domain.com,Email,"(True, False, False, True, True, False)"
sat,test@subdomain.example.com.,Email,"(True, False, False, True, False, True)"
sat,customer.support.ascending@domain.com.ping.suddenly.classifying.corp,Email,"(True, False, False, True, False, False)"
sat,user123@domain.com,Email,"(True, False, False, False, True, True)"
sat,@manager@company,Email,"(True, False, False, False, True, False)"
sat,john.doe@example.io,Email,"(True, False, False, False, False, True)"
unsat,,Email,"(True, False, False, False, False, False)"
sat,John Doe user@site.com,Email,"(False, True, True, True, True, True)"
sat,john manager domain @com,Email,"(False, True, True, True, True, False)"
sat,test user email@user.example.,Email,"(False, True, True, True, False, True)"
sat,John Doe manager @example.com.,Email,"(False, True, True, True, False, False)"
sat,a.b @example,Email,"(False, True, True, False, True, True)"
sat, manager@company ,Email,"(False, True, True, False, True, False)"
unsat,,Email,"(False, True, True, False, False, True)"
unsat,,Email,"(False, True, True, False, False, False)"
sat,john.doe@gmail;s.com,Email,"(False, True, False, True, True, True)"
sat,fg_sys@abcderfg.dsecretManager123,Email,"(False, True, False, True, True, False)"
sat,test @user@example.com.,Email,"(False, True, False, True, False, True)"
sat,John Smith manager@subdomain.example@domain.com. manager.,Email,"(False, True, False, True, False, False)"
sat,john smith at my ap Chambers space,Email,"(False, True, False, False, True, True)"
sat,John Manager @example,Email,"(False, True, False, False, True, False)"
sat,test@.a ,Email,"(False, True, False, False, False, True)"
sat, manager @ @.com,Email,"(False, True, False, False, False, False)"
sat,john@work.com team,Email,"(False, False, True, True, True, True)"
sat,john.manager@company.com,Email,"(False, False, True, True, True, False)"
sat,John Doe @example.io.,Email,"(False, False, True, True, False, True)"
sat,manager@iona.gm,Email,"(False, False, True, True, False, False)"
sat,user@exam.pl,Email,"(False, False, True, False, True, True)"
sat,@ manager user,Email,"(False, False, True, False, True, False)"
unsat,,Email,"(False, False, True, False, False, True)"
unsat,,Email,"(False, False, True, False, False, False)"
sat,user@protonmail.com space..,Email,"(False, False, False, True, True, True)"
sat,m@@ manager1.,Email,"(False, False, False, True, True, False)"
unsat,,Email,"(False, False, False, True, False, True)"
sat,Manager adam}@adam@Double Header Charles Man manager,Email,"(False, False, False, True, False, False)"
sat,aaleri@trianglegre,Email,"(False, False, False, False, True, True)"
sat,@@otherdomain manager,Email,"(False, False, False, False, True, False)"
unsat,,Email,"(False, False, False, False, False, True)"
unsat,,Email,"(False, False, False, False, False, False)"
sat,A1!eP5,Password,"(True, True, True, True, True)"
sat,aBc$d,Password,"(True, True, True, True, False)"
sat,A$12A,Password,"(True, True, True, False, True)"
sat,O$#O#$,Password,"(True, True, True, False, False)"
sat,a1#a4,Password,"(True, True, False, True, True)"
sat,test!,Password,"(True, True, False, True, False)"
sat,1!2#3$,Password,"(True, True, False, False, True)"
sat,!%!!,Password,"(True, True, False, False, False)"
sat,Aa33d,Password,"(True, False, True, True, True)"
sat,abcABx,Password,"(True, False, True, True, False)"
unsat,,Password,"(True, False, True, False, True)"
unsat,,Password,"(True, False, True, False, False)"
sat,a2ppa,Password,"(True, False, False, True, True)"
sat,aabb,Password,"(True, False, False, True, False)"
sat,1234,Password,"(True, False, False, False, True)"
sat,____,Password,"(True, False, False, False, False)"
unsat,,Password,"(False, True, True, True, True)"
sat,a!A,Password,"(False, True, True, True, False)"
sat,A$1,Password,"(False, True, True, False, True)"
sat,AB$,Password,"(False, True, True, False, False)"
sat,a3!,Password,"(False, True, False, True, True)"
sat,!a,Password,"(False, True, False, True, False)"
sat,1!,Password,"(False, True, False, False, True)"
sat,!$=,Password,"(False, True, False, False, False)"
sat,A1a,Password,"(False, False, True, True, True)"
sat,aB,Password,"(False, False, True, True, False)"
sat,A5,Password,"(False, False, True, False, True)"
sat,A,Password,"(False, False, True, False, False)"
sat,a1,Password,"(False, False, False, True, True)"
sat,ab,Password,"(False, False, False, True, False)"
sat,1,Password,"(False, False, False, False, True)"
unsat,,Password,"(False, False, False, False, False)"
sat,http://example.com/path/to/resource,Url,"(True, True, True)"
sat,http://example,Url,"(True, True, False)"
sat,https://www.example.com/test url with space.,Url,"(True, False, True)"
sat,http://foo bar,Url,"(True, False, False)"
sat,alpha.example.com,Url,"(False, True, True)"
sat,/path/to/resource,Url,"(False, True, False)"
sat,docs/ My Report.pdf and file extensions.,Url,"(False, False, True)"
sat,test  folder,Url,"(False, False, False)"
sat,2022-09-01,Date,"(True, True, True, True)"
sat,2025-01-99,Date,"(True, True, True, False)"
sat,2025-13-01,Date,"(True, True, False, True)"
sat,2025-13-32,Date,"(True, True, False, False)"
sat,Jan-01-01,Date,"(True, False, True, True)"
unsat,,Date,"(True, False, True, False)"
sat,abc-def-1,Date,"(True, False, False, True)"
sat,2026-13-32,Date,"(True, False, False, False)"
unsat,,Date,"(False, True, True, True)"
sat,2024-02-13-31,Date,"(False, True, True, False)"
unsat,,Date,"(False, True, False, True)"
sat,2024-02-32,Date,"(False, True, False, False)"
sat,2026-01-01,Date,"(False, False, True, True)"
sat,2026-02-32,Date,"(False, False, True, False)"
sat,2025-2026-31,Date,"(False, False, False, True)"
sat,2026-99-2027-13,Date,"(False, False, False, False)"
sat,1210AABBC000CDCXX012345,IBAN,"(True, True, True)"
sat,1210123142334556112334,IBAN,"(True, True, False)"
sat,DE88 1001 0648 0000 1716 05,IBAN,"(True, False, True)"
sat,DE89370400404432013000,IBAN,"(True, False, False)"
sat,12100000,IBAN,"(False, True, True)"
sat,12101,IBAN,"(False, True, False)"
sat,123000123456789012,IBAN,"(False, False, True)"
sat,DE42ZZZZ345678999999999,IBAN,"(False, False, False)"
sat,0998081354,ISBN,"(True, True, True, True, True, True)"
unsat,,ISBN,"(True, True, True, True, True, False)"
sat,--1X02345671,ISBN,"(True, True, True, True, False, True)"
sat,9-X---XXXXX-X,ISBN,"(True, True, True, True, False, False)"
sat,-1X7-4X49-1-,ISBN,"(True, True, True, False, True, True)"
sat,-1-23-45-67-89-0,ISBN,"(True, True, True, False, True, False)"
sat,-13-456-789-10X,ISBN,"(True, True, True, False, False, True)"
unsat,,ISBN,"(True, True, True, False, False, False)"
sat,1234567890-1-2-X,ISBN,"(True, True, False, True, True, True)"
sat,978-3-16-X-36884-4,ISBN,"(True, True, False, True, True, False)"
sat,978-0-306-40615--X,ISBN,"(True, True, False, True, False, True)"
unsat,,ISBN,"(True, True, False, True, False, False)"
sat,-123-456-789,ISBN,"(True, True, False, False, True, True)"
sat,-1234-X-5678-9012-3456-X,ISBN,"(True, True, False, False, True, False)"
sat,1-10-20XXX,ISBN,"(True, True, False, False, False, True)"
sat,-123456-X-XX-XX,ISBN,"(True, True, False, False, False, False)"
sat,9876543210-,ISBN,"(True, False, True, True, True, True)"
sat,1-2---XXXXX-,ISBN,"(True, False, True, True, True, False)"
unsat,,ISBN,"(True, False, True, True, False, True)"
sat,1234-56-78-9,ISBN,"(True, False, True, True, False, False)"
sat,978-3-16-148410-0,ISBN,"(True, False, True, False, True, True)"
sat,123456-7890-XXU-ABC,ISBN,"(True, False, True, False, True, False)"
sat,4-11-8-9-7-8-4-X-,ISBN,"(True, False, True, False, False, True)"
unsat,,ISBN,"(True, False, True, False, False, False)"
sat,978-0-306-406-42X,ISBN,"(True, False, False, True, True, True)"
sat,987-65-43-21-0-X,ISBN,"(True, False, False, True, True, False)"
sat,123451234-XX--,ISBN,"(True, False, False, True, False, True)"
sat,1234567890-XX-1234-5678-9012-3456-7890-1234,ISBN,"(True, False, False, True, False, False)"
sat,-3-3X-4,ISBN,"(True, False, False, False, True, True)"
sat,10-20-30-40-50-60-70-80-90-0X,ISBN,"(True, False, False, False, True, False)"
sat,10-20---X,ISBN,"(True, False, False, False, False, True)"
sat,----X-h-hX,ISBN,"(True, False, False, False, False, False)"
sat,978-1-456-7890-3,ISBN,"(False, True, True, True, True, True)"
sat,978-3-16-148410-0X,ISBN,"(False, True, True, True, True, False)"
sat,000-0X,ISBN,"(False, True, True, True, False, True)"
sat,A-1-2-3-4-XX---5-6-7-8-9-0,ISBN,"(False, True, True, True, False, False)"
sat,-123-45-678X,ISBN,"(False, True, True, False, True, True)"
sat,-1-0-A-0-0-0-0-0-9-,ISBN,"(False, True, True, False, True, False)"
unsat,,ISBN,"(False, True, True, False, False, True)"
sat,((01)-10-)(10000),ISBN,"(False, True, True, False, False, False)"
sat,123-45-6789A,ISBN,"(False, True, False, True, True, True)"
sat,123-456-7890-X,ISBN,"(False, True, False, True, True, False)"
sat,13-52-07-0-9-1-8--2-1-2-3,ISBN,"(False, True, False, True, False, True)"
sat,123-45-6789-0X,ISBN,"(False, True, False, True, False, False)"
sat,-1234-AB-5678X,ISBN,"(False, True, False, False, True, True)"
sat,978-3-16-148410-0-X-1,ISBN,"(False, True, False, False, True, False)"
sat,----1234Xa,ISBN,"(False, True, False, False, False, True)"
unsat,,ISBN,"(False, True, False, False, False, False)"
sat,123-45-6789A,ISBN,"(False, False, True, True, True, True)"
sat,Z---BCD.EF,ISBN,"(False, False, True, True, True, False)"
sat,OC-OC-OC-OC-OC-OC-OC-OC-OC-OC,ISBN,"(False, False, True, True, False, True)"
sat,123-45-6789-XX,ISBN,"(False, False, True, True, False, False)"
sat,-12345-6789A,ISBN,"(False, False, True, False, True, True)"
sat,-C-X--A-D-,ISBN,"(False, False, True, False, True, False)"
sat,978-3-10-039783-X,ISBN,"(False, False, True, False, False, True)"
unsat,,ISBN,"(False, False, True, False, False, False)"
sat,123-4567-89-AB,ISBN,"(False, False, False, True, True, True)"
sat,1234567890A-1a-,ISBN,"(False, False, False, True, True, False)"
sat,978-0-306-40659-3Xa,ISBN,"(False, False, False, True, False, True)"
sat,ABC-1-23--45-67-89-01,ISBN,"(False, False, False, True, False, False)"
sat,-AAAA-GB,ISBN,"(False, False, False, False, True, True)"
sat,$+-X-XX-X-X-XX-70-NC-8704,ISBN,"(False, False, False, False, True, False)"
sat,87-45-X-xxx,ISBN,"(False, False, False, False, False, True)"
sat,-jsf-v-aaaaaaaa-aaa-......-aaa-aaa-X,ISBN,"(False, False, False, False, False, False)"
sat,1+2*3-4/5,Expression,"(True, True, True, True)"
unsat,,Expression,"(True, True, True, False)"
sat,5+2 / 1,Expression,"(True, True, False, True)"
sat, + 5 * 3,Expression,"(True, True, False, False)"
sat,10-2-3,Expression,"(True, False, True, True)"
unsat,,Expression,"(True, False, True, False)"
sat,123+-+543/++*+21,Expression,"(True, False, False, True)"
sat,+/*-+*+*/,Expression,"(True, False, False, False)"
sat,1 + a * 2 - 3,Expression,"(False, True, True, True)"
unsat,,Expression,"(False, True, True, False)"
sat,The result of 2 + 3.5 *pi+ 4,Expression,"(False, True, False, True)"
sat,+sin(12),Expression,"(False, True, False, False)"
sat,2*1+2,Expression,"(False, False, True, True)"
unsat,,Expression,"(False, False, True, False)"
sat,a++b,Expression,"(False, False, False, True)"
sat,*/a*,Expression,"(False, False, False, False)"
sat,level,Palindrome,"(True, True)"
sat,abccc,Palindrome,"(True, False)"
sat,aa,Palindrome,"(False, True)"
sat,ab,Palindrome,"(False, False)"
sat,(())(())(())(()),Parentheses,"(True, True, True, True)"
sat,(())())()),Parentheses,"(True, True, True, False)"
sat,((((((()))((((())),Parentheses,"(True, True, False, True)"
sat,(())(()))(()()),Parentheses,"(True, True, False, False)"
sat,( )( )( )( )( )( )( )( )( )( )0,Parentheses,"(True, False, True, True)"
sat,((()))(())(),Parentheses,"(True, False, True, False)"
sat,(((((abc))))),Parentheses,"(True, False, False, True)"
sat,(xx())((xx)),Parentheses,"(True, False, False, False)"
sat,(())()(),Parentheses,"(False, True, True, True)"
sat,(())(()),Parentheses,"(False, True, True, False)"
sat,(()(),Parentheses,"(False, True, False, True)"
sat,(())()),Parentheses,"(False, True, False, False)"
sat,(())a,Parentheses,"(False, False, True, True)"
sat,"((((,,,,)))(())",Parentheses,"(False, False, True, False)"
sat,((()))()),Parentheses,"(False, False, False, True)"
sat,((()))(()),Parentheses,"(False, False, False, False)"
sat,ATGGTTACCCGGTAA,DNA,"(True, True, True, True, True)"
sat,ATGGTACCTCAGAACTACGAC,DNA,"(True, True, True, True, False)"
sat,ATCGATCGATCGTAA,DNA,"(True, True, True, False, True)"
sat,ATCGATCGATCG,DNA,"(True, True, True, False, False)"
sat,ATGCGATTA,DNA,"(True, True, False, True, True)"
sat,ATGTCAGCTA,DNA,"(True, True, False, True, False)"
sat,CTAAACGTAGTAA,DNA,"(True, True, False, False, True)"
sat,ACCGTTATCG,DNA,"(True, True, False, False, False)"
sat,ATG CCA GGT TAA,DNA,"(True, False, True, True, True)"
sat,ATGCGTACG,DNA,"(True, False, True, True, False)"
sat,ACGTAA,DNA,"(True, False, True, False, True)"
sat,AGTCGT,DNA,"(True, False, True, False, False)"
sat,ATGCTAG,DNA,"(True, False, False, True, True)"
sat,ATGATCA,DNA,"(True, False, False, True, False)"
sat,ATCATGA,DNA,"(True, False, False, False, True)"
sat,ACGT,DNA,"(True, False, False, False, False)"
sat,ATGATGATGATGATGATGATGATGATGATGATGATGATGATGATGATGATGATGATGATGATGATGATGATGATGATGATGATGATGATGATGATGATGATGATGATGATGATGATGATGATGATGATGATGATGATGATGATGATGATGATGATGATGATGATGATGATGATGATGATGATGATGATGATGATGATGATGATGATGATGATGATGATGATGATGATGATGATGATGATGATGATGATGATGATGATGATGATGATGATGATGATGATGATGATGATGATGATGATGATGATGATGATGATGATGATGATGATGATGATGATGATGATGATGATGATGATGATGATGATGATGATGATGATGATGATGATGATGATGATGATGATGATGATGATGATGATGATGATGATGATGATGATGATGATGATGATGATGATGATGATGATGATGATGATGATGATGATGATGATGATGATGATGATGATGATGATGATGATGATGATGATGATGATGATGATGATGATGATGATGATGATGATGATGATGATGATGATGATGATGATGATGATGATGATGATGATGATGATGATGATGATGATGATGATGATGATGATGATGATGATGATGATGATGATGATGATGATGATGATGATGATGATGATGATGATGATGATGATGATGATGATGATGATGATGATGATGATGATGATGATGATGATGATGATGATGATGATGATGATGATGATGATGATGATGATGATGATGATGATGATGATGATGATGATGATGATGATGATGATGATGATGATGATGATGATGATGATGATGATGATGATGATGATGATGATGATGATGATGATGATGATGATGATGATGATGATGATGATGATGATGATGATGATGATGATGATGATGATGATGATGATGATGATGATGATGATGATGATGATGATGATGATGATGATGATGATGATGATGATGATGATGATGATGATGATGATGATGATGATGATGATGATGATGATGATGATGATGATGATGATGATGATGATGATGATGATGATGATGATGATGATGATGATGATGATGATGATGATGATGATGATGATGATGATGATGATGATGATGATGATGATGATGATGATGATGATGATGATGATGATGATGATGATGATGATGATGATGATGATGATGATGATGATGATGATGATGATGATGATGATGATGATGATGATGATGATGATGATGATGATGATGATGATGATGATGATGATGATGATGATGATGATGATGATGATGATGATGATGATGATGATGATGATGATGATGATGATGATGATGATGATGATGATGATGATGATGATGATGATGATGATGATGATGATGATGATGATGATGATGATGATGATGATGATGATGATGATGATGATGATGATGATGATGATGATGATGATGATGATGATGATGATGATGATGATGATGATGATGATGATGATGATGATGATGATGATGATGATGATGATGATGATGATGATGATGATGATGATGATGATGATGATGATGATGATGATGATGATGATGATGATGATGATGATGATGATGATGATGATGATGATGATGATGATGATGATGATGATGATGATGATGATGATGATGATGATGATGATGATGATGATGATGATGATGATGATGATGATGATGATGATGATGATGATGATGATGATGATGATGATGATGATGATGATGATGATGATGATGATGATGATGATGATGATGATGATGATGATGATGATGATGATGATGATGATGATGATGATGATGATGATGATGATGATGATGATGATGATGATGATGATGATGATGATGATGATGATGATGATGATGATGATGATGATGATGATGATGATGATGATGATGATGATGATGATGATGATGATGATGATGATGATGATGATGATGATGATGATGATGATGATGATGATGATGATGATGATGATGATGATGATGATGATGATGATGATGATGATGATGATGATGATGATGATGATGATGATGATGATGATGATGATGATGATGATGATGATGATGATGATGATGATGATGATGATGATGATGATGATGATGATGATGATGATGATGATGATGATGATGATGATGATGATGATGATGATGATGATGATGATGATGATGATGATGATGATGATGATGATGATGATGATGATGATGATGATGATGATGATGATGATGATGATGATGATGATGATGATGATGATGATGATGATGATGATGATGATGATGATGATGATGATGATGATGATGATGATGATGATGATGATGATGATGATGATGATGATGATGATGATGATGATGATGATGATGATGATGATGATGATGATGATGATGATGATGATGATGATGATGATGATGATGATGATGATGATGATGATGATGATGATGATGATGATGATGATGATGATGATGATGATGATGATGATGATGATGATGATGATGATGATGATGATGATGATGATGATGATGATGATGATGATGATGATGATGATGATGATGATGATGATGATGATGATGATGATGATGATGATGATGATGATGATGATGATGATGATGATGATGATGATGATGATGATGATGATGATGATGATGATGATGATGATGATGATGATGATGATGATGATGATGATGATGATGATGATGATGATGATGATGATGATGATGATGATGATGATGATGATGATGATGATGATGATGATGATGATGATGATGATGATGATGATGATGATGATGATGATGATGATGATGATGATGATGATGATGATGATGATGATGATGATGATGATGATGATGATGATGATGATGATGATGATGATGATGATGATGATGATGATGATGATGATGATGATGATGATGATGATGATGATGATGATGATGATGATGATGATGATGATGATGATGATGATGATGATGATGATGATGATGATGATGATGATGATGATGATGATGATGATGATGATGATGATGATGATGATGATGATGATGATGATGATGATGATGATGATGATGATGATGATGATGATGATGATGATGATGATGATGATGATGATGATGATGATGATGATGATGATGATGATGATGATGATGATGATGATGATGATGATGATGATGATGATGATGATGATGATGATGATGATGATGATGATGATGATGATGATGATGATGATGATGATGATGATGATGATGATGATGATGATGATGATGATGATGATGATGATGATGATGATGATGATGATGATGATGATGATGATGATGATGATGATGATGATGATGATGATGATGATGATGATGATGATGATGATGATGATGATGATGATGATGATGATGATGATGATGATGATGATGATGATGATGATGATGATGATGATGATGATGATGATGATGATGATGATGATGATGATGATGATGATGATGATGATGATGATGATGATGATGATGATGATGATGATGATGATGATGATGATGATGATGATGATGATGATGATGATGATGATGATGATGATGATGATGATGATGATGATGATGATGATGATGATGATGATGATGATGATGATGATGATGATGATGATGATGATGATGATGATGATGATGATGATGATGATGATGATGATGATGATGATGATGATGATGATGATGATGATGATGATGATGATGATGATGATGATGATGATGATGATGATGATGATGATGATGATGATGATGATGATGATGATGATGATGATGATGATGATGATGATGATGATGATGATGATGATGATGATGATGATGATGATGATGATGATGATGATGATGATGATGATGATGATGATGATGATGATGATGATGATGATGATGATGATGATGATGATGATGATGATGATGATGATGATGATGATGATGATGATGATGATGATGATGATGATGATGATGATGATGATGATGATGATGATGATGATGATGATGATGATGATGATGATGATGATGATGATGATGATGATGATGATGATGATGATGATGATGATGATGATGATGATGATGATGATGATGATGATGATGATGATGATGATGATGATGATGATGATGATGATGATGATGATGATGATGATGATGATGATGATGATGATGATGATGATGATGATGATGATGATGATGATGATGATGATGATGATGATGATGATGATGATGATGATGATGATGATGATGATGATGATGATGATGATGATGATGATGATGATGATGATGATGATGATGATGATGATGATGATGATGATGATGATGATGATGATGATGATGATGATGATGATGATGATGATGATGATGATGATGATGATGATGATGATGATGATGATGATGATGATGATGATGATGATGATGATGATGATGATGATGATGATGATGATGATGATGATGATGATGATGATGATGATGATGATGATGATGATGATGATGATGATGATGATGATGATGATGATGATGATGATGATGATGATGATGATGATGATGATGATGATGATGATGATGATGATGATGATGATGATGATGATGATGATGATGATGATGATGATGATGATGATGATGATGATGATGATGATGATGATGATGATGATGATGATGATGATGATGATGATGATGATGATGATGATGATGATGATGATGATGATGATGATGATGATGATGATGATGATGATGATGATGATGATGATGATGATGATGATGATGATGATGATGATGATGATGATGATGATGATGATGATGATGATGATGATGATGATGATGATGATGATGATGATGATGATGATGATGATGATGATGATGATGATGATGATGATGATGATGATGATGATGATGATGATGATGATGATGATGATGATGATGATGATGATGATGATGATGATGATGATGATGATGATGATGATGATGATGATGATGATGATGATGATGATGATGATGATGATGATGATGATGATGATGATGATGATGATGATGATGATGATGATGATGATGATGATGATGATGATGATGATGATGATGATGATGATGATGATGATGATGATGATGATGATGATGATGATGATGATGATGATGATGATGATGATGATGATGATGATGATGATGATGATGATGATGATGATGATGATGATGATGATGATGATGATGATGATGATGATGATGATGATGATGATGATGATGATGATGATGATGATGATGATGATGATGATGATGATGATGATGATGATGATGATGATGATGATGATGATGATGATGATGATGATGATGATGATGATGATGATGATGATGATGATGATGATGATGATGATGATGATGATGATGATGATGATGATGATGATGATGATGATGATGATGATGATGATGATGATGATGATGATGATGATGATGATGATGATGATGATGATGATGATGATGATGATGATGATGATGATGATGATGATGATGATGATGATGATGATGATGATGATGATGATGATGATGATGATGATGATGATGATGATGATGATGATGATGATGATGATGATGATGATGATGATGATGATGATGATGATGATGATGATGATGATGATGATGATGATGATGATGATGATGATGATGATGATGATGATGATGATGATGATGATGATGATGATGATGATGATGATGATGATGATGATGATGATGATGATGATGATGATGATGATGATGATGATGATGATGATGATGATGATGATGATGATGATGATGATGATGATGATGATGATGATGATGATGATGATGATGATGATGATGATGATGATGATGATGATGATGATGATGATGATGATGATGATGATGATGATGATGATGATGATGATGATGATGATGAT,DNA,"(False, True, True, True, True)"
sat,ATGCGTACGAT,DNA,"(False, True, True, True, False)"
sat,ACRGGGTAATATA,DNA,"(False, True, True, False, True)"
sat,AGGTCAGTCTAGT,DNA,"(False, True, True, False, False)"
sat,ATGNNNNNTAA,DNA,"(False, True, False, True, True)"
sat,ATGKTTTACG,DNA,"(False, True, False, True, False)"
sat,ACGNNNNNNNNTAA,DNA,"(False, True, False, False, True)"
sat,ACGT-NACGTA,DNA,"(False, True, False, False, False)"
sat,ATG-T-N-X-TGA,DNA,"(False, False, True, True, True)"
sat,ATGATN,DNA,"(False, False, True, True, False)"
sat,NNTTAA,DNA,"(False, False, True, False, True)"
sat,ATCCGT,DNA,"(False, False, True, False, False)"
sat,ATGKTAA,DNA,"(False, False, False, True, True)"
sat,ATGNNNNN,DNA,"(False, False, False, True, False)"
sat,ACGNTAA,DNA,"(False, False, False, False, True)"
sat,ACGUUUUV,DNA,"(False, False, False, False, False)"
sat,/home/user,Absolute_Path,"(True, True, True, True)"
sat,/root//usr/bin,Absolute_Path,"(True, True, True, False)"
sat,/home/user/Documents/,Absolute_Path,"(True, True, False, True)"
sat,/home//user//folder/,Absolute_Path,"(True, True, False, False)"
sat,/home/user/Documents with spaces,Absolute_Path,"(True, False, True, True)"
sat,/folder//Documents/ with spaces/file.txt,Absolute_Path,"(True, False, True, False)"
sat,/home/user/ Downloads/ and-Personal-Python-projects/train_models/submodels/and-older.ReLU-mn-lr/drivetrain-autojet-packages/,Absolute_Path,"(True, False, False, True)"
sat,/home/ user/ directory///,Absolute_Path,"(True, False, False, False)"
sat,home/user/data/file.txt,Absolute_Path,"(False, True, True, True)"
sat,/home/user/documents/tmp//,Absolute_Path,"(False, True, True, False)"
sat,/home/user/_docs/,Absolute_Path,"(False, True, False, True)"
sat,usr/local/app//server/,Absolute_Path,"(False, True, False, False)"
sat,home/user/My Folder 2024,Absolute_Path,"(False, False, True, True)"
sat,No filename or folder name / home/user/ directory/ intermittent/path with agglospaces///stored,Absolute_Path,"(False, False, True, False)"
sat,My Documents Project Folder/,Absolute_Path,"(False, False, False, True)"
sat,Documents/ User//,Absolute_Path,"(False, False, False, False)"
